,time_step,data_memory,samples,layers,epochs,batch_size,training_loss,val_loss,test_loss
0,1,5,11,"D32, GRU16, D1",10,10,0.11687088012695312,0.2749529778957367,0.15296519
0,1,5,11,"D32, GRU32, D1",10,10,0.11423353105783463,0.20754052698612213,0.14394695
0,1,5,11,"D32, GRU32, D1",10,10,0.11237221956253052,0.18989819288253784,0.14227125
0,1,5,11,"D32, GRU32, D1",10,10,0.11657841503620148,0.17239023745059967,0.15224937
